Workbook

Sheet Task List
A1: # | B1: Section | C1: Task | D1: Priority | E1: Suggested Owner | F1: Assigned To | G1: Status | H1: Notes | I1: Source
A2: 1 | B2: Data ingestion health — blocking before POC kicks off next week | C2: Root-cause the AWS integration going Unhealthy when the S3 metrics option is enabled | D2: High | E2: Elastic | G2: Not Started | I2: Corbett, 9/3
A3: 2 | B3: Data ingestion health — blocking before POC kicks off next week | C3: Confirm the AWS agentless-ingest bug fix clears QA (India team) and ships to prod | D3: High | E3: Elastic | G3: Not Started | I3: Tim Webster, 9/2
A4: 3 | B4: Data ingestion health — blocking before POC kicks off next week | C4: Stand up the fallback EC2 Elastic Agent for AWS collection while the agentless fix is pending | D4: High | E4: GE Vernova | G4: Not Started | I4: guide shared 9/2
A5: 4 | B5: Data ingestion health — blocking before POC kicks off next week | C5: Hold 48 hours of stable AWS integration data before the POC formally kicks off (~week of 9/8) | D5: High | E5: Joint | G5: Not Started | I5: Corbett, 9/1
A6: 5 | B6: Data ingestion health — blocking before POC kicks off next week | C6: Monitor agentless ingest stability now that it's reportedly fixed | D6: Med | E6: Elastic | G6: Not Started | I6: Brad, 9/3
A7: 6 | B7: Data ingestion health — blocking before POC kicks off next week | C7: Investigate why Infrastructure Inventory shows RDS but not EC2 or S3 buckets | D7: High | E7: GE Vernova/Elastic | G7: Not Started | I7: Corbett, 8/31
A8: 7 | B8: Data ingestion health — blocking before POC kicks off next week | C8: Confirm existing Observability serverless project's ES/Kibana covers AWS Billing integration (no separate instance needed) | D8: Med | E8: Elastic | G8: Not Started | I8: Corbett, 8/28
A9: 8 | B9: Data ingestion health — blocking before POC kicks off next week | C9: Confirm the IAM trust-policy / malformed-principal issue (account 291803666758) is fully resolved | D9: Low | E9: GE Vernova | G9: Not Started | I9: Corbett, 8/28
A10: 9 | B10: OTel / Kubernetes telemetry | C10: Complete kubeletstats + RBAC + k8s_observer config across all 3 clusters (pss-usw02-stage-ueks, smartsignal-usw02-stage-ueks, apm-stage) | D10: High | E10: GE Vernova | G10: Not Started | I10: Brad's guide, 9/3
A11: 10 | B11: OTel / Kubernetes telemetry | C11: Validate CPU/memory/network/disk metrics appear once kubeletstats config lands | D11: High | E11: Elastic | G11: Not Started | I11: shoeb couldn't find them, 9/3
A12: 11 | B12: OTel / Kubernetes telemetry | C12: Chase down missing traces — metrics are flowing but no traces confirmed yet | D12: High | E12: Elastic/GE Vernova | G12: Not Started | I12: Kate, 9/2
A13: 12 | B13: OTel / Kubernetes telemetry | C13: Confirm OTel SDKs point at the collector OTLP endpoint for trace emission | D13: Med | E13: GE Vernova | G13: Not Started | I13: Brad, 9/2
... A34: 33 | B34: Splunk O11y → Elastic migration scoping (business case) | C34: Ask SRE team about unsaved/interactive ad-hoc query volume and whether Discover/Lens need to be part of enablement | D34: Low | E34: Elastic | G34: Not Started | I34: summary §6b

Sheet Summary
A1: Section | B1: Total | C1: Not Started | D1: In Progress | E1: Blocked | F1: Done | G1: % Done
A2: Data ingestion health — blocking before POC kicks off next week | B2: =COUNTIF('Task List'!$B$2:$B$34,A2) -> 8 | C2: =COUNTIFS('Task List'!$B$2:$B$34,A2,'Task List'!$G$2:$G$34,"Not Started") -> 8 | D2: =COUNTIFS('Task List'!$B$2:$B$34,A2,'Task List'!$G$2:$G$34,"In Progress") -> 0 | E2: =COUNTIFS('Task List'!$B$2:$B$34,A2,'Task List'!$G$2:$G$34,"Blocked") -> 0 | F2: =COUNTIFS('Task List'!$B$2:$B$34,A2,'Task List'!$G$2:$G$34,"Done") -> 0 | G2: =IFERROR(F2/B2,0) -> 0
A3: OTel / Kubernetes telemetry | B3: =COUNTIF('Task List'!$B$2:$B$34,A3) -> 5 | C3: =COUNTIFS('Task List'!$B$2:$B$34,A3,'Task List'!$G$2:$G$34,"Not Started") -> 5 | D3: =COUNTIFS('Task List'!$B$2:$B$34,A3,'Task List'!$G$2:$G$34,"In Progress") -> 0 | E3: =COUNTIFS('Task List'!$B$2:$B$34,A3,'Task List'!$G$2:$G$34,"Blocked") -> 0 | F3: =COUNTIFS('Task List'!$B$2:$B$34,A3,'Task List'!$G$2:$G$34,"Done") -> 0 | G3: =IFERROR(F3/B3,0) -> 0
A4: Log ingestion (ESF / Lambda) | B4: =COUNTIF('Task List'!$B$2:$B$34,A4) -> 4 | C4: =COUNTIFS('Task List'!$B$2:$B$34,A4,'Task List'!$G$2:$G$34,"Not Started") -> 4 | D4: =COUNTIFS('Task List'!$B$2:$B$34,A4,'Task List'!$G$2:$G$34,"In Progress") -> 0 | E4: =COUNTIFS('Task List'!$B$2:$B$34,A4,'Task List'!$G$2:$G$34,"Blocked") -> 0 | F4: =COUNTIFS('Task List'!$B$2:$B$34,A4,'Task List'!$G$2:$G$34,"Done") -> 0 | G4: =IFERROR(F4/B4,0) -> 0
A5: Program, access & enablement | B5: =COUNTIF('Task List'!$B$2:$B$34,A5) -> 4 | C5: =COUNTIFS('Task List'!$B$2:$B$34,A5,'Task List'!$G$2:$G$34,"Not Started") -> 4 | D5: =COUNTIFS('Task List'!$B$2:$B$34,A5,'Task List'!$G$2:$G$34,"In Progress") -> 0 | E5: =COUNTIFS('Task List'!$B$2:$B$34,A5,'Task List'!$G$2:$G$34,"Blocked") -> 0 | F5: =COUNTIFS('Task List'!$B$2:$B$34,A5,'Task List'!$G$2:$G$34,"Done") -> 0 | G5: =IFERROR(F5/B5,0) -> 0
A6: Splunk O11y → Elastic migration scoping (business case) | B6: =COUNTIF('Task List'!$B$2:$B$34,A6) -> 12 | C6: =COUNTIFS('Task List'!$B$2:$B$34,A6,'Task List'!$G$2:$G$34,"Not Started") -> 12 | D6: =COUNTIFS('Task List'!$B$2:$B$34,A6,'Task List'!$G$2:$G$34,"In Progress") -> 0 | E6: =COUNTIFS('Task List'!$B$2:$B$34,A6,'Task List'!$G$2:$G$34,"Blocked") -> 0 | F6: =COUNTIFS('Task List'!$B$2:$B$34,A6,'Task List'!$G$2:$G$34,"Done") -> 0 | G6: =IFERROR(F6/B6,0) -> 0
A7: Total | B7: =SUM(B2:B6) -> 33 | C7: =SUM(C2:C6) -> 33 | D7: =SUM(D2:D6) -> 0 | E7: =SUM(E2:E6) -> 0 | F7: =SUM(F2:F6) -> 0 | G7: =IFERROR(F7/B7,0) -> 0

Sheet Legend
A1: How to use this tracker
A3: Task List tab: one row per open item, pulled from the #ext-elastic-ge-vernova / #ge-vernova-poc Slack channels and the migration-scoping files in the GEVernova_Observability working folder (as of Sept 4, 2026).
A5: Columns to edit:
A6: • Assigned To — enter the person's name (e.g. Kate Lawrence-Gupta, Corbett Merrill).
A7: • Status — pick from the dropdown: Not Started, In Progress, Blocked, Done.
A8: • Notes — free text for updates, blockers, or links.
A10: Columns not meant to be edited (context from the research):
A11: • Section, Task, Priority, Suggested Owner, Source.
A12: • Suggested Owner is the team that appears responsible based on Slack context (Elastic / GE Vernova / Joint) — use Assigned To for a specific person.
A14: Summary tab: auto-calculated counts and % complete per section via COUNTIFS formulas — updates automatically as you change Status.
A16: Example row (for format reference only — not a real task):
A17: # | B17: Section | C17: Task | D17: Priority | E17: Suggested Owner | F17: Assigned To | G17: Status | H17: Notes | I17: Source
A18: 0 | B18: Example section | C18: Example task description goes here | D18: Med | E18: Elastic | F18: Jane Doe | G18: In Progress | H18: Waiting on customer to confirm access | I18: Slack, 9/1
