Workbook

Sheet Inputs
A1: GE Vernova — Elastic Security Serverless Sizing — Input Assumptions
A2: Prepared by Kate Lawrence-Gupta (kate.lawrencegupta@elastic.co) | 2026-09-08
A4: Host Inventory
A5: Category | B5: Hosts
A6: Online Hosts – Windows | B6: 4430
A7: Online Hosts – Linux | B7: 2852
A8: Online Hosts – Mac | B8: 1
A9: Total Online Hosts | B9: =SUM(B6:B8) -> 7283
A10: Offline Hosts | B10: 27979
A11: Total Hosts (Online + Offline) | B11: =B9+B10 -> 35262
A13: Volume & Retention
A14: Total Daily Ingest Volume (GB/day) | B14: 450
A15: Retention Period (days) | B15: 90
A16: Average Days per Month (365/12) | B16: =365/12 -> 30.416667
A17: Avg Ingest per Online Host (GB/day) | B17: =B14/B9 -> 0.061787725
A18: Avg Ingest per Online Host (MB/day) | B18: =B17*1024 -> 63.27063
A20: Elastic Security Serverless — Published List Pricing
A21: Source: elastic.co/pricing/serverless-security (accessed 2026-09-08; rates effective Nov 1, 2025). Rates below are the lowest published “as low as” volume tier. Elastic list pricing is volume-tiered (higher $/GB on the first block of monthly ingest/retention, decreasing at higher committed volumes), so GE Vernova's effective blended rate may be higher than shown here at initial volumes. Confirm exact tiered pricing via cloud.elastic.co/pricing/serverless?s=security or Elastic Deal Desk before quoting a customer.
A22: Tier | B22: Ingest $/GB | C22: Retention $/GB/month | D22: Egress free (GB/mo) | E22: Egress $/GB beyond free
A23: Security Analytics Essentials | B23: 0.09 | C23: 0.017 | D23: 50 | E23: 0.05
A24: Security Analytics Complete | B24: 0.11 | C24: 0.019 | D24: 50 | E24: 0.05

Sheet Sizing & Cost
A1: GE Vernova — Ingest & Retention Sizing (Elastic Security Serverless)
A3: Ingest Volume
A4: Daily Ingest (GB/day) | B4: =Inputs!B14 -> 450
A5: Monthly Ingest (GB/month) | B5: =B4*Inputs!B16 -> 13687.5
A6: Annual Ingest (GB/year) | B6: =B4*365 -> 164250
A7: Annual Ingest (TB/year, 1 TB = 1,000 GB) | B7: =B6/1000 -> 164.25
A9: Retention / Storage Footprint (steady state, once the 90-day window is full)
A10: Retention Period (days) | B10: =Inputs!B15 -> 90
A11: Retained Volume at Steady State (GB) | B11: =B4*B10 -> 40500
A12: Retained Volume at Steady State (TB) | B12: =B11/1000 -> 40.5
A14: Retention Ramp-Up (illustrative — volume stored grows until day 90)
A15: Elapsed Days | B15: 30 | C15: 60 | D15: 90
A16: Retained Volume (GB) | B16: =$B$4*B15 -> 13500 | C16: =$B$4*C15 -> 27000 | D16: =$B$4*D15 -> 40500
A18: Cost Estimate — Steady State (Month 4+)
A19: Tier | B19: Ingest $/GB | C19: Monthly Ingest (GB) | D19: Monthly Ingest Cost | E19: Retention $/GB/mo | F19: Retained GB (steady) | G19: Monthly Retention Cost | H19: Total Monthly Cost | I19: Total Annual Cost (run-rate)
A20: =Inputs!A23 -> Security Analytics Essentials | B20: =Inputs!B23 -> 0.09 | C20: =$B$5 -> 13687.5 | D20: =C20*B20 -> 1231.875 | E20: =Inputs!C23 -> 0.017 | F20: =$B$11 -> 40500 | G20: =F20*E20 -> 688.5 | H20: =D20+G20 -> 1920.375 | I20: =H20*12 -> 23044.5
A21: =Inputs!A24 -> Security Analytics Complete | B21: =Inputs!B24 -> 0.11 | C21: =$B$5 -> 13687.5 | D21: =C21*B21 -> 1505.625 | E21: =Inputs!C24 -> 0.019 | F21: =$B$11 -> 40500 | G21: =F21*E21 -> 769.5 | H21: =D21+G21 -> 2275.125 | I21: =H21*12 -> 27301.5
A23: Note: figures use Elastic's lowest published list rate per tier (“as low as” pricing) and cover Ingest + Retention only — they exclude Cloud Protection, Workflows, Agent Builder, and Elastic Managed LLM add-ons, none of which are assumed here. Support (Base/Enhanced/Premium) adds 5%–15% of total consumption on top of these figures depending on GE Vernova's chosen Elastic Cloud subscription tier. Confirm final pricing with Elastic's serverless estimate tool or Deal Desk.

Sheet VCU vs ECU
A1: VCU vs. ECU — What Actually Sizes This Project
A3: What is a VCU?
A4: A Virtual Compute Unit (VCU) is Elastic's underlying unit of compute — a slice of RAM, vCPU, and local disk. General-purpose Elasticsearch and Observability Serverless projects meter and bill customers directly in Search, Ingest, and Machine Learning VCU-hours, which autoscale up and down with workload.
A6: What is an ECU?
A7: An Elastic Consumption Unit (ECU) is the currency Elastic bills in across every serverless project type. 1 ECU = $1.00 USD (nominal). Every billing dimension — VCU-hours on Elasticsearch/Observability projects, or Ingest GB and Retention GB on Security projects — is ultimately converted to and invoiced in ECUs.
A9: Why this Security sizing is not expressed in VCUs
A10: Elastic Security Serverless projects (SIEM / security analytics) do NOT expose VCU consumption to customers the way Elasticsearch and Observability Serverless projects do. Per Elastic's published Security Serverless billing dimensions, the only two data-volume billing dimensions are Ingest (GB sent to the project per month) and Retention (GB stored in the project per month). Elastic auto-allocates whatever Search/Ingest/ML VCUs are needed behind the scenes to serve that ingest and retention workload — GE Vernova is never charged for, or required to provision, a VCU count directly.
A12: So what is the practical answer to “how many VCU/ECU does this require”?
A13: For this Security Analytics workload (450 GB/day ingest, ~40.5 TB retained at steady state under 90-day retention), there is no separate VCU quota GE Vernova needs to size or buy — Elastic's platform scales Ingest, Search, and ML VCUs automatically and transparently. The customer-facing consumption unit is the ECU, and because 1 ECU = $1.00, the estimated monthly ECU consumption for this workload is numerically equal to the dollar cost estimates on the 'Sizing & Cost' tab: roughly 1,900–2,255 ECU/month at steady state, depending on Essentials vs. Complete tier (before support fee and any add-ons).
A15: If a true VCU-level infrastructure comparison is needed
A16: Producing an actual Ingest/Search/ML VCU-hour estimate (e.g., to compare against a self-managed Elasticsearch or Splunk indexer sizing conversation) requires Elastic's internal capacity-planning tooling or a Solutions Architect / Customer Architect engagement — this is not published as a self-service formula, since VCU allocation depends on live factors (index count, mapping complexity, query patterns, Search Power setting) that aren't knowable from ingest volume and host count alone.
A18: Sources
... A22: https://www.elastic.co/pricing/serverless-security

Sheet Growth Scenario
A1: GE Vernova — Directional Scenario: All Hosts Online
A2: Assumes the 27,979 currently-offline hosts eventually onboard and generate telemetry at the same average per-host rate as the currently-online fleet. Directional only — actual future volume depends on which hosts come online, their OS mix, and endpoint policy (Windows/Linux/Mac telemetry rates are not broken out separately in the source data).
A4: Total Hosts (Online + Offline) | B4: =Inputs!B11 -> 35262
A5: Avg Ingest per Host (GB/day) | B5: =Inputs!B17 -> 0.061787725
A6: Projected Daily Ingest (GB/day) | B6: =B4*B5 -> 2178.7588
A7: Projected Monthly Ingest (GB/month) | B7: =B6*Inputs!B16 -> 66270.579
A8: Projected Retained Volume @ 90 days (GB) | B8: =B6*Inputs!B15 -> 196088.29
A9: Projected Retained Volume @ 90 days (TB) | B9: =B8/1000 -> 196.08829
A11: Projected Cost — Steady State
A12: Tier | B12: Ingest $/GB | C12: Monthly Ingest (GB) | D12: Monthly Ingest Cost | E12: Retention $/GB/mo | F12: Retained GB (steady) | G12: Monthly Retention Cost | H12: Total Monthly Cost | I12: Total Annual Cost (run-rate)
A13: =Inputs!A23 -> Security Analytics Essentials | B13: =Inputs!B23 -> 0.09 | C13: =$B$7 -> 66270.579 | D13: =C13*B13 -> 5964.3521 | E13: =Inputs!C23 -> 0.017 | F13: =$B$8 -> 196088.29 | G13: =F13*E13 -> 3333.5009 | H13: =D13+G13 -> 9297.853 | I13: =H13*12 -> 111574.24
A14: =Inputs!A24 -> Security Analytics Complete | B14: =Inputs!B24 -> 0.11 | C14: =$B$7 -> 66270.579 | D14: =C14*B14 -> 7289.7637 | E14: =Inputs!C24 -> 0.019 | F14: =$B$8 -> 196088.29 | G14: =F14*E14 -> 3725.6775 | H14: =D14+G14 -> 11015.441 | I14: =H14*12 -> 132185.29

Sheet ECH vs Serverless
A1: GE Vernova — Elastic Cloud Hosted Ballpark vs. Elastic Security Serverless
A2: Source: "KLG:GE Vernova SIEM Elastic Cloud Hosted Ballpark Estimator_v4.5" (Google Sheet), SIEM tab, accessed 2026-09-08 (docs.google.com/spreadsheets/d/1Zwsdw-BPoV3kTjEp2c9P4x2WOH2ogm0Lc7rkjGEnTbY). Confirmed inputs match this analysis: 450 GB/day ingest, 90-day retention, Enterprise tier, AWS us-east-1 (N. Virginia), High Availability, Elastic Direct channel, 0% discount (list price).
A4: ECH Ballpark — Cluster Topology (SIEM tab, as configured)
A5: Node Role | B5: Node/Instance Type | C5: RAM / ECU (GB)
A6: Hot data tier | B6: aws.es.datahot.i8g | C6: 60
A7: Warm data tier | B7: aws.es.datawarm.i3en | C7: 0
A8: Cold data tier | B8: aws.es.datacold.i3en | C8: 0
A9: Master | B9: aws.es.master.c8gd | C9: 3
A10: Coordinating | B10: aws.es.coordinating.m6gd | C10: 0
A11: Machine Learning | B11: aws.es.ml.c5d | C11: 16
A12: Kibana | B12: aws.kibana.c8gd | C12: 24
A13: Total ECU (RAM-GB credits) | C13: =SUM(C6:C12) -> 103
A14: Implied rate ($/ECU/year, Enterprise, 0% discount) | C14: 1000
A15: Estimated Annual Cost Total (list price) | C15: =C13*C14 -> 103000
A16: Note: ML and Kibana RAM were cross-referenced from two overlapping calculation blocks in the source sheet; the split between the two (16/24 vs 24/16) may be reversed, but the combined subtotal (40 ECU) and grand total (103 ECU) are confirmed against the sheet's own "Estimated Annual Cost Total [90 days total retention]" figure of $103,000, which divides out to an exact $1,000/ECU/year — consistent with a flat blended Enterprise list rate.
A18: Serverless Equivalent (same 450 GB/day, 90-day retention inputs)
A19: Tier | B19: Monthly Cost (ECU = $) | C19: Annual Run-Rate (ECU = $)
A20: Security Analytics Essentials | B20: ='Sizing & Cost'!H20 -> 1920.375 | C20: ='Sizing & Cost'!I20 -> 23044.5
A21: Security Analytics Complete | B21: ='Sizing & Cost'!H21 -> 2275.125 | C21: ='Sizing & Cost'!I21 -> 27301.5
A23: Side-by-Side Annual List Estimate
A24: Model | B24: Tier | C24: Annual List Estimate
A25: Elastic Cloud Hosted (ECH) | B25: Enterprise, 0% discount | C25: =C15 -> 103000
A26: Elastic Security Serverless | B26: Essentials | C26: ='Sizing & Cost'!I20 -> 23044.5
A27: Elastic Security Serverless | B27: Complete | C27: ='Sizing & Cost'!I21 -> 27301.5
A29: Key differences: ECH sizes and bills for provisioned cluster capacity (hot/warm/cold/frozen data tiers plus master, coordinating, ML, and Kibana nodes, replicated across availability zones) whether or not it's fully utilized — its "ECU" is a RAM-GB-equivalent capacity credit. Serverless has no cluster topology to size at all: Elastic auto-scales Ingest/Search/ML VCUs behind the scenes and bills only for Ingest (GB actually sent) and Retention (GB actually stored) — its "ECU" is simply the $1-denominated billing currency those GB charges convert into. The two sheets' "ECU" figures (103 vs. the Serverless ECU/month figures) are NOT the same unit and should not be compared directly — only the resulting dollar estimates are comparable, and even those are list-price ballparks: the ECH figure assumes 0% discount, and the Serverless figures use Elastic's lowest published volume-tier rate. Confirm both with Elastic's official calculators or Deal Desk before presenting to GE Vernova.
